{
  "project_info": {
    "project_number": "288390037054",
    "firebase_url": "https://book2-dc073.firebaseio.com",
    "project_id": "book2-dc073",
    "storage_bucket": "book2-dc073.appspot.com"
  },
  "client": [
    {
      "client_info": {
        "mobilesdk_app_id": "1:288390037054:android:246da979973b6cc2",
        "android_client_info": {
          "package_name": "com.codered.book"
        }
      },
      "oauth_client": [
        {
          "client_id": "288390037054-8u69ah6lka867rs1pv1rh4ei93fb31n0.apps.googleusercontent.com",
          "client_type": 1,
          "android_info": {
            "package_name": "com.codered.book",
            "certificate_hash": "3ff4ace53b43ad47af670fe2ef04ac41394252d0"
          }
        },
        {
          "client_id": "288390037054-v1l9tt04atlrosmd74tb8mo0s1r7bv99.apps.googleusercontent.com",
          "client_type": 3
        }
      ],
      "api_key": [
        {
          "current_key": "AIzaSyDBybwx1CSEG6JuL-Hj0z4K0BEZAFddXBE"
        }
      ],
      "services": {
        "appinvite_service": {
          "other_platform_oauth_client": [
            {
              "client_id": "288390037054-v1l9tt04atlrosmd74tb8mo0s1r7bv99.apps.googleusercontent.com",
              "client_type": 3
            }
          ]
        }
      }
    }
  ],
  "configuration_version": "1"
}